{
	"format_version": "1.8.0",
	"animations": {
		"animation.idle": {
			"animation_length": 9,
			"bones": {
				"left_hand": {
					"rotation": {
						"vector": [143.41856, -13.35864, -4.63444]
					},
					"position": {
						"vector": [0, 0, 5]
					}
				},
				"right_hand": {
					"rotation": {
						"0.0417": {
							"vector": [108.07779, -14.2906, -4.60659]
						},
						"0.75": {
							"vector": [85.57779, -14.2906, -4.60659]
						}
					},
					"position": {
						"vector": [0, 0, 5]
					}
				},
				"plate": {
					"rotation": {
						"0.0417": {
							"vector": [148.4333, -17.2294, -169.6859]
						},
						"0.75": {
							"vector": [170.9333, -17.2294, -169.6859]
						}
					},
					"position": {
						"0.0417": {
							"vector": [0, -13, -1]
						},
						"0.75": {
							"vector": [0, -9, -1]
						}
					}
				}
			}
		},
		"animation.use": {
			"animation_length": 2,
			"bones": {
				"left_hand": {
					"rotation": {
						"0.0417": {
							"vector": [105.69284, 16.88547, 4.6653]
						},
						"0.25": {
							"vector": [120.83145, 80.30562, 71.44932]
						},
						"0.3333": {
							"vector": [132.60034, 78.44622, 83.76868]
						},
						"0.4167": {
							"vector": [132.60034, 78.44622, 83.76868]
						},
						"0.5833": {
							"vector": [131.10034, 84.02122, 82.16868]
						},
						"0.75": {
							"vector": [131.60034, 84.02122, 82.16868]
						},
						"1.4167": {
							"vector": [131.10034, 84.02122, 82.16868]
						},
						"1.5": {
							"vector": [131.10034, 84.02122, 82.16868]
						},
						"1.625": {
							"vector": [132.60034, 78.44622, 83.76868]
						},
						"1.7083": {
							"vector": [132.60034, 78.44622, 83.76868]
						},
						"1.8333": {
							"vector": [120.83145, 80.30562, 71.44932]
						},
						"1.9167": {
							"vector": [112.6916, 42.33345, 34.45708]
						},
						"2.0": {
							"vector": [105.69284, 16.88547, 4.6653]
						}
					},
					"position": {
						"0.0417": {
							"vector": [0, -3, 5]
						},
						"0.25": {
							"vector": [-0.05, -5.725, 6.375]
						},
						"0.3333": {
							"vector": [-0.125, -5.62, 6.38]
						},
						"0.4167": {
							"vector": [0.675, -5.62, 6.38]
						},
						"0.5833": {
							"vector": [9.055, -7.12, 6.38]
						},
						"0.75": {
							"vector": [9.31, -7.17, 6.38]
						},
						"1.4167": {
							"vector": [9.305, -5.12, 6.38]
						},
						"1.5": {
							"vector": [9.305, -5.12, 6.38]
						},
						"1.625": {
							"vector": [0.1, -3.62, 6.38]
						},
						"1.7083": {
							"vector": [-0.125, -3.62, 6.38]
						},
						"1.8333": {
							"vector": [-0.05, -3.725, 6.375]
						},
						"1.9167": {
							"vector": [0.53, -2.36, 5.69]
						},
						"2.0": {
							"vector": [0, -1, 5]
						}
					}
				},
				"right_hand": {
					"rotation": {
						"0.0417": {
							"vector": [108.07779, -14.2906, -4.60659]
						},
						"0.25": {
							"vector": [110.99381, -32.93011, -11.78332]
						},
						"0.5": {
							"vector": [110.99, -32.93, -11.78]
						},
						"0.625": {
							"vector": [95.62399, -45.63728, 18.28221]
						},
						"0.7917": {
							"vector": [105.9175, -51.45049, -42.34755]
						},
						"0.9167": {
							"vector": [79.63455, -54.76883, -9.11336]
						},
						"1.0417": {
							"vector": [89.92517, -58.41002, 17.39469]
						},
						"1.1667": {
							"vector": [89.60141, -62.16002, 9.96829],
							"easing": "easeInQuad"
						},
						"1.25": {
							"vector": [95.85419, -60.31362, 1.40417]
						},
						"1.3333": {
							"vector": [96.84759, -58.70472, -1.10991]
						},
						"1.4167": {
							"vector": [80.79551, -59.77288, 17.57091]
						},
						"1.5": {
							"vector": [107.71169, -67.29245, -6.07339]
						},
						"1.625": {
							"vector": [107.71169, -67.29245, -6.07339]
						},
						"2.0": {
							"vector": [108.07779, -14.2906, -4.60659]
						}
					},
					"position": {
						"0.0417": {
							"vector": [0, 0, 5]
						},
						"0.25": {
							"vector": [-1, -2, 12]
						},
						"0.5": {
							"vector": [-1, -2, 12]
						},
						"0.625": {
							"vector": [-4.975, -4.975, 4]
						},
						"0.7917": {
							"vector": [-0.59, -5.815, 7.61]
						},
						"0.9167": {
							"vector": [-3.42, 0.255, 5.925]
						},
						"1.0417": {
							"vector": [-6.17, 1.63, 4.4],
							"easing": "linear"
						},
						"1.1667": {
							"vector": [-5.395, 0.905, 4.075]
						},
						"1.25": {
							"vector": [-5.31, 0.42, 4.62]
						},
						"1.3333": {
							"vector": [-5.53, -0.07, 5.16]
						},
						"1.4167": {
							"vector": [-5.655, -0.07, 5.385]
						},
						"1.5": {
							"vector": [-5.945, -0.995, 8.2]
						},
						"1.625": {
							"vector": [-5.945, -0.995, 8.2]
						},
						"2.0": {
							"vector": [0, 0, 5]
						}
					}
				},
				"plate": {
					"rotation": {
						"0.0": {
							"vector": [30, 0, 0]
						},
						"0.625": {
							"vector": [31.5667, -17.2294, -10.3141]
						},
						"0.7917": {
							"vector": [9.60665, 5.09155, -53.92571]
						},
						"0.9167": {
							"vector": [-2.94117, 11.20709, -35.41516]
						},
						"1.0417": {
							"vector": [-8.59362, 10.01722, -13.13346]
						},
						"1.1667": {
							"vector": [-3.94851, 3.06628, -1.1252],
							"easing": "easeInQuad"
						},
						"1.25": {
							"vector": [-7.04926, 2.65814, -1.1176]
						},
						"1.3333": {
							"vector": [-13.15, 2.25, -1.11]
						},
						"1.4167": {
							"vector": [-14.4, 2.25, -1.11]
						},
						"1.5": {
							"vector": [-0.74744, -0.18344, -1.08276]
						}
					},
					"position": {
						"0.0": {
							"vector": [0, -6, -1]
						},
						"0.625": {
							"vector": [0, -13, -1]
						},
						"0.7917": {
							"vector": [-0.56, -5.81, 3.17]
						},
						"0.9167": {
							"vector": [-0.925, -1.025, 2.45]
						},
						"1.0417": {
							"vector": [-0.52, -3.475, 2.93],
							"easing": "linear"
						},
						"1.1667": {
							"vector": [-0.12, -4.95, 2.68]
						},
						"1.25": {
							"vector": [0.165, -5.17, 3.32]
						},
						"1.3333": {
							"vector": [0.3, -5.39, 3.96]
						},
						"1.4167": {
							"vector": [-0.05, -5.39, 4.11]
						},
						"1.5": {
							"vector": [0.58, -6.7, 7.81]
						}
					},
					"scale": {
						"0.0": {
							"vector": [0, 0, 0]
						},
						"0.5": {
							"vector": [0, 0, 0]
						},
						"0.5417": {
							"vector": [0.5, 0.5, 0.5]
						},
						"0.5833": {
							"vector": [1, 1, 1]
						}
					}
				},
				"bone": {
					"position": {
						"vector": [8, 0, -8]
					}
				}
			}
		},
		"animation.test": {
			"loop": true,
			"animation_length": 1,
			"bones": {
				"plate": {
					"position": {
						"0.0": {
							"vector": [0, 0, 0]
						},
						"0.25": {
							"vector": [0, 6, -10],
							"easing": "easeOutBack"
						},
						"0.5": {
							"vector": [0, 12, 0],
							"easing": "easeInOutBack"
						},
						"0.75": {
							"vector": [0, 6, 7],
							"easing": "easeInOutBack"
						},
						"1.0": {
							"vector": [0, 0, 0],
							"easing": "easeInBack"
						}
					}
				}
			}
		}
	},
	"geckolib_format_version": 2
}