{
	"format_version": "1.8.0",
	"animations": {
		"animation.idle": {
			"animation_length": 9,
			"bones": {
				"left_hand": {
					"position": {
						"vector": [1, 0, 0]
					},
					"scale": {
						"vector": [1, 1.4, 1]
					}
				},
				"right_hand": {
					"rotation": {
						"vector": [0, 0, 0]
					},
					"position": {
						"vector": [0, 0, 0]
					},
					"scale": {
						"vector": [1, 1.4, 1]
					}
				}
			}
		},
		"animation.use": {
			"animation_length": 2,
			"bones": {
				"left_hand": {
					"rotation": {
						"0.0417": {
							"vector": [105.69284, 16.88547, 4.6653]
						},
						"0.3333": {
							"vector": [98.19284, 16.88547, 4.6653]
						},
						"0.5": {
							"vector": [98.09363, 14.41067, 4.29758]
						},
						"0.5833": {
							"vector": [101.98476, 19.17792, 21.06174]
						},
						"1.125": {
							"vector": [104.31657, 20.56637, 13.22374]
						},
						"1.25": {
							"vector": [113.38027, 13.7049, 10.05235]
						}
					},
					"position": {
						"0.0417": {
							"vector": [0, 0, 5]
						},
						"0.3333": {
							"vector": [0, 6, 7]
						},
						"0.5": {
							"vector": [0.5, 6.75, 8.5]
						},
						"0.5833": {
							"vector": [1, 7.75, 8.75]
						},
						"0.7917": {
							"vector": [2.5, 8, 10]
						},
						"1.0417": {
							"vector": [2.5, 9, 12.25]
						},
						"1.125": {
							"vector": [2.5, 9.5, 12.25]
						},
						"1.2083": {
							"vector": [2.5, 9.5, 13]
						},
						"1.3333": {
							"vector": [1.75, 9.5, 14.5]
						}
					}
				},
				"right_hand": {
					"rotation": {
						"0.0417": {
							"vector": [108.07779, -14.2906, -4.60659]
						},
						"0.3333": {
							"vector": [100.57779, -14.2906, -4.60659]
						},
						"0.5": {
							"vector": [100.47183, -11.83265, -4.13785]
						},
						"0.5833": {
							"vector": [110.89928, -12.45584, -38.77283]
						},
						"1.125": {
							"vector": [112.29856, -14.39849, -34.03583]
						},
						"1.25": {
							"vector": [125.39511, -17.19741, -19.93755]
						}
					},
					"position": {
						"0.0417": {
							"vector": [0, 0, 5]
						},
						"0.3333": {
							"vector": [0, 6, 7]
						},
						"0.5": {
							"vector": [-0.5, 6.5, 8.75]
						},
						"0.5833": {
							"vector": [-0.5, 8, 8.75]
						},
						"0.7917": {
							"vector": [-1, 9.25, 10.25]
						},
						"1.0417": {
							"vector": [-2.25, 10, 12.5]
						},
						"1.2083": {
							"vector": [-2.25, 10, 13]
						},
						"1.25": {
							"vector": [-2.25, 10.5, 13]
						},
						"1.3333": {
							"vector": [-2.25, 10.5, 13.75]
						}
					}
				},
				"plate": {
					"rotation": {
						"0.0": {
							"vector": [30, 0, 0]
						},
						"0.75": {
							"vector": [15, 0, 0]
						}
					},
					"position": {
						"0.0": {
							"vector": [0, -6, -1]
						},
						"0.4583": {
							"vector": [0, 0, 2]
						},
						"0.75": {
							"vector": [0, 2, 3]
						},
						"1.0": {
							"vector": [0, 3, 6]
						},
						"1.25": {
							"vector": [0, 2, 6]
						},
						"1.2917": {
							"vector": [0, 2, 7]
						},
						"1.375": {
							"vector": [0, 0, 9]
						},
						"1.75": {
							"vector": [0, 2, 9]
						},
						"1.8333": {
							"vector": [0, -4, 9]
						}
					},
					"scale": {
						"0.0": {
							"vector": [0, 0, 0]
						},
						"0.4583": {
							"vector": [0.5, 0.5, 0.5]
						},
						"0.5": {
							"vector": [1, 1, 1]
						},
						"1.9167": {
							"vector": [1, 1, 1]
						},
						"2.0": {
							"vector": [0, 0, 0]
						}
					}
				},
				"bone": {
					"position": {
						"vector": [8, 0, -8]
					}
				}
			}
		},
		"animation.test": {
			"loop": true,
			"animation_length": 1,
			"bones": {
				"plate": {
					"position": {
						"0.0": {
							"vector": [0, 0, 0]
						},
						"0.25": {
							"vector": [0, 6, -10],
							"easing": "easeOutBack"
						},
						"0.5": {
							"vector": [0, 12, 0],
							"easing": "easeInOutBack"
						},
						"0.75": {
							"vector": [0, 6, 7],
							"easing": "easeInOutBack"
						},
						"1.0": {
							"vector": [0, 0, 0],
							"easing": "easeInBack"
						}
					}
				}
			}
		}
	},
	"geckolib_format_version": 2
}