{
	"format_version": "1.8.0",
	"animations": {
		"animation.idle": {
			"animation_length": 9,
			"bones": {
				"left_hand": {
					"position": {
						"vector": [1, 0, 0]
					},
					"scale": {
						"vector": [1, 1.4, 1]
					}
				},
				"right_hand": {
					"rotation": {
						"vector": [0, 0, 0]
					},
					"position": {
						"vector": [0, 0, 0]
					},
					"scale": {
						"vector": [1, 1.4, 1]
					}
				}
			}
		},
		"animation.use": {
			"animation_length": 2,
			"bones": {
				"left_hand": {
					"rotation": {
						"0.0417": {
							"vector": [105.69284, 16.88547, 4.6653]
						},
						"0.3333": {
							"vector": [98.19284, 16.88547, 4.6653]
						},
						"0.5": {
							"vector": [98.09363, 14.41067, 4.29758]
						},
						"0.5833": {
							"vector": [101.98476, 19.17792, 21.06174]
						},
						"1.125": {
							"vector": [104.31657, 20.56637, 13.22374]
						},
						"1.25": {
							"vector": [113.38027, 13.7049, 10.05235]
						}
					},
					"position": {
						"0.0417": {
							"vector": [0, 0, 5]
						},
						"0.3333": {
							"vector": [0, 6, 7]
						},
						"0.5": {
							"vector": [0.5, 6.75, 8.5]
						},
						"0.5833": {
							"vector": [1, 7.75, 8.75]
						},
						"0.7917": {
							"vector": [2.5, 8, 10]
						},
						"1.0417": {
							"vector": [2.5, 9, 12.25]
						},
						"1.125": {
							"vector": [2.5, 9.5, 12.25]
						},
						"1.2083": {
							"vector": [2.5, 9.5, 13]
						},
						"1.3333": {
							"vector": [1.75, 9.5, 14.5]
						}
					}
				},
				"right_hand": {
					"rotation": {
						"0.0417": {
							"vector": [108.07779, -14.2906, -4.60659]
						},
						"0.3333": {
							"vector": [100.57779, -14.2906, -4.60659]
						},
						"0.5": {
							"vector": [100.47183, -11.83265, -4.13785]
						},
						"0.5833": {
							"vector": [110.89928, -12.45584, -38.77283]
						},
						"1.125": {
							"vector": [112.29856, -14.39849, -34.03583]
						},
						"1.25": {
							"vector": [125.39511, -17.19741, -19.93755]
						}
					},
					"position": {
						"0.0417": {
							"vector": [0, 0, 5]
						},
						"0.3333": {
							"vector": [0, 6, 7]
						},
						"0.5": {
							"vector": [-0.5, 6.5, 8.75]
						},
						"0.5833": {
							"vector": [-0.5, 8, 8.75]
						},
						"0.7917": {
							"vector": [-1, 9.25, 10.25]
						},
						"1.0417": {
							"vector": [-2.25, 10, 12.5]
						},
						"1.2083": {
							"vector": [-2.25, 10, 13]
						},
						"1.25": {
							"vector": [-2.25, 10.5, 13]
						},
						"1.3333": {
							"vector": [-2.25, 10.5, 13.75]
						}
					}
				},
				"plate": {
					"rotation": {
						"0.0": {
							"vector": [30, 0, 0]
						},
						"0.75": {
							"vector": [15, 0, 0]
						}
					},
					"position": {
						"0.0": {
							"vector": [0, -6, -1]
						},
						"0.4583": {
							"vector": [0, 0, 2]
						},
						"0.75": {
							"vector": [0, 2, 3]
						},
						"1.0": {
							"vector": [0, 3, 6]
						},
						"1.25": {
							"vector": [0, 2, 6]
						},
						"1.2917": {
							"vector": [0, 2, 7]
						},
						"1.375": {
							"vector": [0, 0, 9]
						},
						"1.75": {
							"vector": [0, 2, 9]
						},
						"1.8333": {
							"vector": [0, -4, 9]
						}
					},
					"scale": {
						"0.0": {
							"vector": [0, 0, 0]
						},
						"0.4583": {
							"vector": [0.5, 0.5, 0.5]
						},
						"0.5": {
							"vector": [1, 1, 1]
						},
						"1.9167": {
							"vector": [1, 1, 1]
						},
						"2.0": {
							"vector": [0, 0, 0]
						}
					}
				},
				"bone": {
					"position": {
						"vector": [8, 0, -8]
					}
				}
			}
		},
		"animation.use_peny": {
			"animation_length": 2,
			"bones": {
				"left_hand": {
					"rotation": {
						"0.0417": {
							"vector": [105.69284, 16.88547, 4.6653]
						},
						"0.25": {
							"vector": [120.83145, 80.30562, 71.44932]
						},
						"0.3333": {
							"vector": [132.60034, 78.44622, 83.76868]
						},
						"0.4167": {
							"vector": [132.60034, 78.44622, 83.76868]
						},
						"0.5833": {
							"vector": [131.10034, 84.02122, 82.16868]
						},
						"0.75": {
							"vector": [131.60034, 84.02122, 82.16868]
						},
						"1.4167": {
							"vector": [131.10034, 84.02122, 82.16868]
						},
						"1.5": {
							"vector": [131.10034, 84.02122, 82.16868]
						},
						"1.625": {
							"vector": [132.60034, 78.44622, 83.76868]
						},
						"1.7083": {
							"vector": [132.60034, 78.44622, 83.76868]
						},
						"1.8333": {
							"vector": [120.83145, 80.30562, 71.44932]
						},
						"1.9167": {
							"vector": [112.6916, 42.33345, 34.45708]
						},
						"2.0": {
							"vector": [105.69284, 16.88547, 4.6653]
						}
					},
					"position": {
						"0.0417": {
							"vector": [0, 0, 5]
						},
						"0.25": {
							"vector": [-0.05, -2.725, 6.375]
						},
						"0.3333": {
							"vector": [-0.125, -2.62, 6.38]
						},
						"0.4167": {
							"vector": [0.675, -2.62, 6.38]
						},
						"0.5833": {
							"vector": [9.055, -4.12, 6.38]
						},
						"0.75": {
							"vector": [9.31, -4.17, 6.38]
						},
						"1.4167": {
							"vector": [9.305, -4.12, 6.38]
						},
						"1.5": {
							"vector": [9.305, -4.12, 6.38]
						},
						"1.625": {
							"vector": [0.1, -2.62, 6.38]
						},
						"1.7083": {
							"vector": [-0.125, -2.62, 6.38]
						},
						"1.8333": {
							"vector": [-0.05, -2.725, 6.375]
						},
						"1.9167": {
							"vector": [0.53, -1.36, 5.69]
						},
						"2.0": {
							"vector": [0, 0, 5]
						}
					}
				},
				"right_hand": {
					"rotation": {
						"0.0417": {
							"vector": [108.07779, -14.2906, -4.60659]
						},
						"0.25": {
							"vector": [110.99381, -32.93011, -11.78332]
						},
						"0.5": {
							"vector": [110.99, -32.93, -11.78]
						},
						"0.625": {
							"vector": [95.62399, -45.63728, 18.28221]
						},
						"0.7917": {
							"vector": [105.9175, -51.45049, -42.34755]
						},
						"0.9167": {
							"vector": [79.63455, -54.76883, -9.11336]
						},
						"1.0417": {
							"vector": [89.92517, -58.41002, 17.39469]
						},
						"1.1667": {
							"vector": [89.60141, -62.16002, 9.96829],
							"easing": "easeInQuad"
						},
						"1.25": {
							"vector": [95.85419, -60.31362, 1.40417]
						},
						"1.3333": {
							"vector": [96.84759, -58.70472, -1.10991]
						},
						"1.4167": {
							"vector": [80.79551, -59.77288, 17.57091]
						},
						"1.5": {
							"vector": [107.71169, -67.29245, -6.07339]
						},
						"1.625": {
							"vector": [107.71169, -67.29245, -6.07339]
						},
						"2.0": {
							"vector": [108.07779, -14.2906, -4.60659]
						}
					},
					"position": {
						"0.0417": {
							"vector": [0, 0, 5]
						},
						"0.25": {
							"vector": [-1, -2, 12]
						},
						"0.5": {
							"vector": [-1, -2, 12]
						},
						"0.625": {
							"vector": [-4.975, -4.975, 4]
						},
						"0.7917": {
							"vector": [-0.59, -5.815, 7.61]
						},
						"0.9167": {
							"vector": [-3.42, 0.255, 5.925]
						},
						"1.0417": {
							"vector": [-6.17, 1.63, 4.4],
							"easing": "linear"
						},
						"1.1667": {
							"vector": [-5.395, 0.905, 4.075]
						},
						"1.25": {
							"vector": [-5.31, 0.42, 4.62]
						},
						"1.3333": {
							"vector": [-5.53, -0.07, 5.16]
						},
						"1.4167": {
							"vector": [-5.655, -0.07, 5.385]
						},
						"1.5": {
							"vector": [-5.945, -0.995, 8.2]
						},
						"1.625": {
							"vector": [-5.945, -0.995, 8.2]
						},
						"2.0": {
							"vector": [0, 0, 5]
						}
					}
				},
				"plate": {
					"rotation": {
						"0.0": {
							"vector": [30, 0, 0]
						},
						"0.625": {
							"vector": [31.5667, -17.2294, -10.3141]
						},
						"0.7917": {
							"vector": [9.60665, 5.09155, -53.92571]
						},
						"0.9167": {
							"vector": [-2.94117, 11.20709, -35.41516]
						},
						"1.0417": {
							"vector": [-8.59362, 10.01722, -13.13346]
						},