{
	"format_version": "1.8.0",
	"animations": {
		"animation.idle": {
			"animation_length": 0.0417,
			"bones": {
				"left_hand": {
					"rotation": {
						"vector": [105.69284, 16.88547, 4.6653]
					},
					"position": {
						"vector": [0, -7, 5]
					},
					"scale": {
						"vector": [1.2, 1.2, 1.2]
					}
				},
				"right_hand": {
					"rotation": {
						"vector": [85.08764, -29.24156, -3.29607]
					},
					"position": {
						"vector": [-17.975, -4.975, 5]
					},
					"scale": {
						"vector": [1.2, 1.2, 1.2]
					}
				},
				"plate": {
					"rotation": {
						"vector": [170.9333, -17.2294, -169.6859]
					},
					"position": {
						"vector": [-13, -7, -5]
					}
				}
			}
		},
		"animation.test": {
			"loop": true,
			"animation_length": 1,
			"bones": {
				"plate": {
					"position": {
						"0.0": {
							"vector": [0, 0, 0]
						},
						"0.25": {
							"vector": [0, 6, -10],
							"easing": "easeOutBack"
						},
						"0.5": {
							"vector": [0, 12, 0],
							"easing": "easeInOutBack"
						},
						"0.75": {
							"vector": [0, 6, 7],
							"easing": "easeInOutBack"
						},
						"1.0": {
							"vector": [0, 0, 0],
							"easing": "easeInBack"
						}
					}
				}
			}
		},
		"animation.use": {
			"animation_length": 2.75,
			"bones": {
				"left_hand": {
					"rotation": {
						"0.0417": {
							"vector": [105.69284, 16.88547, 4.6653]
						},
						"0.25": {
							"vector": [150.83145, 80.30562, 71.44932]
						},
						"0.3333": {
							"vector": [162.60034, 78.44622, 83.76868]
						},
						"0.4167": {
							"vector": [162.60034, 78.44622, 83.76868]
						},
						"0.5833": {
							"vector": [161.10034, 84.02122, 82.16868]
						},
						"0.7083": {
							"vector": [161.60034, 84.02122, 82.16868]
						},
						"1.625": {
							"vector": [161.10034, 84.02122, 82.16868]
						},
						"2.0417": {
							"vector": [161.10034, 84.02122, 82.16868]
						},
						"2.2917": {
							"vector": [162.60034, 78.44622, 83.76868]
						},
						"2.375": {
							"vector": [162.60034, 78.44622, 83.76868]
						},
						"2.5": {
							"vector": [150.83145, 80.30562, 71.44932]
						},
						"2.5833": {
							"vector": [155.1916, 42.33345, 34.45708]
						},
						"2.6667": {
							"vector": [133.19284, 16.88547, 4.6653]
						}
					},
					"position": {
						"0.0417": {
							"vector": [0, -7, 5]
						},
						"0.25": {
							"vector": [-0.05, -4.725, 6.375]
						},
						"0.3333": {
							"vector": [-0.125, -4.62, 6.38]
						},
						"0.4167": {
							"vector": [0.675, -4.62, 6.38]
						},
						"0.5833": {
							"vector": [9.055, -4.12, 6.38]
						},
						"0.7083": {
							"vector": [20.31, -4.17, 6.38]
						},
						"1.625": {
							"vector": [20.31, -4.17, 6.38]
						},
						"2.0417": {
							"vector": [20.31, -4.17, 6.38]
						},
						"2.2917": {
							"vector": [0.1, -3.62, 6.38]
						},
						"2.375": {
							"vector": [-0.125, -3.62, 6.38]
						},
						"2.5": {
							"vector": [-0.05, -3.725, 6.375]
						},
						"2.5833": {
							"vector": [0.53, -5.36, 7.69]
						},
						"2.6667": {
							"vector": [0, -11, 7]
						}
					},
					"scale": {
						"vector": [1.2, 1.2, 1.2]
					}
				},
				"right_hand": {
					"rotation": {
						"0.0417": {
							"vector": [48.86725, -9.94123, -40.27784]
						},
						"0.25": {
							"vector": [48.86725, -9.94123, -40.27784]
						},
						"0.5": {
							"vector": [48.86725, -9.94123, -40.27784]
						},
						"0.5833": {
							"vector": [39.99751, -6.96479, -37.26133]
						},
						"0.7083": {
							"vector": [31.44443, -22.46616, -0.69628]
						},
						"0.75": {
							"vector": [38.55842, -29.09959, -7.62579]
						},
						"0.7917": {
							"vector": [40.89859, -46.2234, -7.87557]
						},
						"0.8333": {
							"vector": [51.15017, -79.70229, -18.79867]
						},
						"1.0": {
							"vector": [76.45212, -64.28592, -63.06206]
						},
						"1.125": {
							"vector": [37.04845, -72.75076, -10.68111]
						},
						"1.25": {
							"vector": [44.81923, -74.67594, 30.66058]
						},
						"1.375": {
							"vector": [75.81149, -69.63233, 11.36799],
							"easing": "easeInQuad"
						},
						"1.4583": {
							"vector": [40.3262, -74.12459, 45.34039]
						},
						"1.5417": {
							"vector": [47.43823, -66.75239, 42.50571]
						},
						"1.625": {
							"vector": [35.12629, -66.92508, 58.00945]
						},
						"1.7083": {
							"vector": [72.52015, -84.08752, 26.06458]
						},
						"1.8333": {
							"vector": [87.84343, -69.12397, 20.63919]
						},
						"1.9583": {
							"vector": [120.46439, -22.75838, 4.22577]
						},
						"2.2083": {
							"vector": [120.46439, -22.75838, 4.22577]
						}
					},
					"position": {
						"0.0417": {
							"vector": [-19.975, -1.975, 13]
						},
						"0.25": {
							"vector": [-19.975, -1.975, 13]
						},
						"0.5": {
							"vector": [-19.975, -1.975, 13]
						},
						"0.7083": {
							"vector": [-18.975, -5.975, 9]
						},
						"0.75": {
							"vector": [-16.97, -5.64, 8.67]
						},
						"0.7917": {
							"vector": [-14.97, -5.31, 7.83]
						},
						"0.8333": {
							"vector": [-12.975, -4.975, 5]
						},
						"1.0": {
							"vector": [-11.59, -2.815, 11.61]
						},
						"1.125": {
							"vector": [-12.42, 0.255, 9.925]
						},
						"1.25": {
							"vector": [-12.17, 0.63, 9.4],
							"easing": "linear"
						},
						"1.375": {
							"vector": [-12.395, 3.155, 11.075]
						},
						"1.4583": {
							"vector": [-13.31, 2.42, 9.62]
						},
						"1.625": {
							"vector": [-11.655, 2.93, 11.135]
						},
						"1.7083": {
							"vector": [-10.945, 4.005, 9.45]
						},
						"1.8333": {
							"vector": [-8.945, -0.995, 9.2]
						},
						"1.9583": {
							"vector": [-6.96, -0.66, 14.13]
						},
						"2.2083": {
							"vector": [-6.96, -4.66, 12.13]
						}
					},
					"scale": {
						"vector": [1.2, 1.2, 1.2]
					}
				},
				"plate": {
					"rotation": {
						"0.0": {
							"vector": [30, 0, 0]
						},
						"0.7917": {
							"vector": [18.95135, -9.62421, -31.75459]
						},
						"0.8333": {
							"vector": [18.95135, -9.62421, -31.75459]
						},
						"1.0": {
							"vector": [18.95135, -9.62421, -31.75459]
						},
						"1.125": {
							"vector": [-2.94117, 11.20709, -35.41516]
						},
						"1.25": {
							"vector": [-9.82317, 8.81528, -20.63793]
						},
						"1.375": {
							"vector": [-3.94851, 3.06628, -1.1252],
							"easing": "easeInQuad"
						},
						"1.4583": {
							"vector": [-7.04926, 2.65814, -1.1176]
						},
						"1.5417": {
							"vector": [-13.15, 2.25, -1.11]
						},
						"1.625": {
							"vector": [-14.4, 2.25, -1.11]
						},
						"1.7083": {
							"vector": [-0.74744, -0.18344, -1.08276]
						}
					},
					"position": {
						"0.0": {
							"vector": [-3, -6, -1]
						},
						"0.25": {
							"vector": [-34, -6.6, 4.8]
						},
						"0.5833": {
							"vector": [-28, -6.6, 4.8]
						},
						"0.7917": {
							"vector": [-12.78, -6.09, 4.98]
						},
						"0.8333": {
							"vector": [-8, -5.75, 6]
						},
						"1.0": {
							"vector": [-8.56, -1.81, 9.17]
						},
						"1.125": {
							"vector": [-8.925, 2.975, 8.45]
						},
						"1.25": {
							"vector": [-3.52, -7.475, 8.93],
							"easing": "linear"
						},
						"1.375": {
							"vector": [-3.12, -7.95, 8.68]
						},
						"1.4583": {
							"vector": [-2.835, -8.17, 9.32]
						},
						"1.5417": {
							"vector": [-2.7, -8.39, 7.96]
						},
						"1.625": {
							"vector": [-3.05, -8.39, 10.11]
						},
						"1.7083": {
							"vector": [-2.42, -9.7, 10.81]
						},
						"1.8333": {
							"vector": [-2.42, -19.7, 8.81]
						}
					},
					"scale": {
						"0.0": {
							"vector": [0, 0, 0]
						},
						"0.2917": {
							"vector": [0, 0, 0]
						},
						"0.3333": {
							"vector": [0.5, 0.5, 0.5]
						},
						"0.375": {
							"vector": [2, 2, 2]
						}
					}
				},